Predictor variable,Categorical,Sample average
chl,false,1.8083994659670322
gsla,false,0.09749892985205842
mo,true,1.0
sst,false,21.661248188222018
vcur,false,-0.1274307220554953
